date,base_rate,seoul_apt_price_index,mom_change_pct,csi,mortgage_rate,housing_permit,park_dummy,moon_dummy,yoon_dummy,jeonse_index,mortgage_balance,jeonse_ratio
2015-01-01,2.0,68.62,0.14,103.0,3.34,3629.0,1,0,0,70.978,453.264,95.43367528409699
2015-02-01,2.0,68.83,0.31,103.7,3.24,4525.0,1,0,0,71.42,457.0041,95.7349867941401
2015-03-01,1.75,69.19,0.52,101.8,2.97,7632.0,1,0,0,72.152,460.98240000000004,96.2129761202378
2015-04-01,1.75,69.71,0.76,104.7,2.81,6488.0,1,0,0,72.942,468.824,96.54086589029374
2015-05-01,1.75,70.12,0.6,106.1,3.06,6187.0,1,0,0,73.462,469.218,96.6605909210504
2015-06-01,1.5,70.6,0.68,98.6,3.01,6553.0,1,0,0,74.12,457.6145,96.86331209426538
2015-07-01,1.5,70.98,0.54,100.7,2.96,22603.0,1,0,0,74.696,458.25,97.09345517501018
2015-08-01,1.5,71.38,0.56,102.0,2.94,8533.0,1,0,0,75.254,464.6771,97.27061256426474
2015-09-01,1.5,71.86,0.68,103.3,2.92,11723.0,1,0,0,75.981,470.243,97.55429565068191
2015-10-01,1.5,72.35,0.67,105.9,2.9,10770.0,1,0,0,76.426,477.56059999999997,97.46107557930353
2015-11-01,1.5,72.81,0.65,106.6,3.04,6427.0,1,0,0,77.073,482.9164,97.66519875317293
2015-12-01,1.5,73.12,0.42,103.2,3.12,13646.0,1,0,0,77.451,490.8261,97.72809926439481
2016-01-01,1.5,73.15,0.05,100.4,3.1,5484.0,1,0,0,77.733,492.9051,98.0437026128329
2016-02-01,1.5,73.15,0.0,98.1,2.99,5801.0,1,0,0,77.993,494.44590000000005,98.37163750122438
2016-03-01,1.5,73.15,-0.01,100.4,2.97,4328.0,1,0,0,78.215,498.2942,98.65164344438946
2016-04-01,1.5,73.22,0.1,102.1,2.93,10893.0,1,0,0,78.395,503.7688,98.78414500789478
2016-05-01,1.5,73.37,0.21,99.6,2.89,5583.0,1,0,0,78.594,509.3651,98.8324312139931
2016-06-01,1.25,73.62,0.34,99.1,2.77,4977.0,1,0,0,78.807,515.2496,98.7637536530447
2016-07-01,1.25,73.88,0.35,101.4,2.66,9807.0,1,0,0,78.996,521.2005,98.65221023868659
2016-08-01,1.25,74.17,0.39,102.4,2.7,6242.0,1,0,0,79.129,527.2875,98.43193070831559
2016-09-01,1.25,74.46,0.39,102.3,2.8,3265.0,1,0,0,79.277,530.809,98.2319534935641
2016-10-01,1.25,74.97,0.69,102.6,2.89,4572.0,1,0,0,79.527,536.1404,97.8713760440311
2016-11-01,1.25,75.39,0.56,95.7,3.04,5104.0,1,0,0,79.744,542.494,97.59169890788874
2016-12-01,1.25,75.49,0.13,93.9,3.13,9643.0,1,0,0,79.848,545.8396,97.58952914955714
2017-01-01,1.25,75.51,0.03,93.0,3.16,5321.0,1,0,0,79.895,545.8806999999999,97.62110881763249
2017-02-01,1.25,75.56,0.07,94.2,3.19,9182.0,1,0,0,79.917,547.746,97.58337371161686
2017-03-01,1.25,75.69,0.17,96.8,3.21,7700.0,1,0,0,79.951,550.6925,97.45721584244735
2017-04-01,1.25,75.9,0.28,101.6,3.21,6871.0,0,1,0,80.011,553.2040999999999,97.26050672316858
2017-05-01,1.25,76.24,0.45,109.0,3.26,4992.0,0,1,0,80.1,556.5289,96.93446861003959
2017-06-01,1.25,77.0,0.99,112.4,3.22,5890.0,0,1,0,80.354,560.1415,96.28206161815442
2017-07-01,1.25,77.38,0.5,112.6,3.28,8600.0,0,1,0,80.638,563.4464,96.14786119091745
2017-08-01,1.25,77.85,0.61,111.2,3.28,7156.0,0,1,0,80.923,566.5897,95.90515756619207
2017-09-01,1.25,77.85,-0.01,108.8,3.24,15679.0,0,1,0,81.053,570.0791999999999,96.05922588402018
2017-10-01,1.25,78.05,0.26,110.4,3.33,16229.0,0,1,0,81.203,572.9975999999999,95.99039356829095
2017-11-01,1.5,78.38,0.43,113.7,3.39,7719.0,0,1,0,81.369,575.7986,95.7816523660656
2017-12-01,1.5,79.03,0.84,112.2,3.42,16679.0,0,1,0,81.509,578.3129,95.1573170086138
2018-01-01,1.5,80.1,1.34,111.4,3.47,5397.0,0,1,0,81.658,579.0438,94.05780253315014
2018-02-01,1.5,81.2,1.39,109.6,3.46,3381.0,0,1,0,81.756,580.3438000000001,92.89497264066864
2018-03-01,1.5,81.83,0.77,109.5,3.45,2952.0,0,1,0,81.852,582.4253,92.28802453256927
2018-04-01,1.5,82.13,0.37,108.5,3.47,5226.0,0,1,0,81.846,583.9275,91.94417957120149
2018-05-01,1.5,82.32,0.22,109.4,3.49,5273.0,0,1,0,81.788,585.5685,91.66696065899228
2018-06-01,1.5,82.49,0.21,106.8,3.46,3368.0,0,1,0,81.759,587.738,91.44561241460758
2018-07-01,1.5,82.77,0.34,101.9,3.44,5894.0,0,1,0,81.787,589.5131,91.16747539239682
2018-08-01,1.5,83.45,0.82,99.9,3.36,4255.0,0,1,0,81.931,592.2521999999999,90.58379678664414
2018-09-01,1.5,84.99,1.84,100.9,3.29,3617.0,0,1,0,82.415,594.9374,89.46785786696012
2018-10-01,1.5,85.48,0.58,100.1,3.31,5334.0,0,1,0,82.809,597.2129,89.38026378825387
2018-11-01,1.75,85.53,0.05,96.4,3.28,7608.0,0,1,0,82.907,601.2573000000001,89.43372786316976
2018-12-01,1.75,85.38,-0.17,97.6,3.19,11389.0,0,1,0,82.828,604.6496999999999,89.50548078931364
2019-01-01,1.75,85.03,-0.41,98.3,3.12,8179.0,0,1,0,82.559,605.4196,89.58201980159603
2019-02-01,1.75,84.72,-0.37,100.4,3.08,5226.0,0,1,0,82.278,606.5765,89.60379106507429
2019-03-01,1.75,84.39,-0.4,100.7,3.04,14311.0,0,1,0,82.045,608.2131999999999,89.69944127118616
2019-04-01,1.75,84.1,-0.34,102.6,2.98,3055.0,0,1,0,81.911,610.5866,89.86174289481853
2019-05-01,1.75,83.93,-0.2,98.7,2.93,3204.0,0,1,0,81.83,612.5628,89.95471531835817
2019-06-01,1.75,83.85,-0.09,98.4,2.74,2378.0,0,1,0,81.769,615.1116,89.9734192042527
2019-07-01,1.5,83.91,0.07,96.7,2.64,3188.0,0,1,0,81.794,618.4939,89.9365722889478
2019-08-01,1.5,84.03,0.14,93.1,2.47,4586.0,0,1,0,81.889,622.5391,89.91244539597639
2019-09-01,1.5,84.19,0.18,97.8,2.51,2803.0,0,1,0,81.996,625.7994,89.85883063448053
2019-10-01,1.25,84.69,0.6,99.5,2.5,2937.0,0,1,0,82.19,630.0514000000001,89.53966248331248
2019-11-01,1.25,85.28,0.69,101.9,2.45,4967.0,0,1,0,82.363,633.5165999999999,89.10735873236129
2019-12-01,1.25,86.33,1.24,101.4,2.45,7788.0,0,1,0,82.675,634.1881,88.35702162862017
2020-01-01,1.25,86.72,0.45,105.2,2.51,3326.0,0,1,0,82.969,634.7415,88.2724523033866
2020-02-01,1.25,86.82,0.12,97.7,2.52,3196.0,0,1,0,83.181,635.8403000000001,88.3960707935568
2020-03-01,0.75,86.91,0.1,79.0,2.48,4500.0,0,1,0,83.334,640.2633000000001,88.46695591864481
2020-04-01,0.75,86.82,-0.1,71.2,2.58,4324.0,0,1,0,83.391,645.1064,88.61923683948852
2020-05-01,0.5,86.65,-0.2,78.1,2.52,3922.0,0,1,0,83.439,647.2946,88.84420977430256
2020-06-01,0.5,86.76,0.13,82.4,2.49,3476.0,0,1,0,83.733,649.3134,89.0442158079095
2020-07-01,0.5,87.74,1.12,84.8,2.45,4295.0,0,1,0,84.571,651.1903000000001,88.93084957244444
2020-08-01,0.5,88.22,0.55,88.8,2.39,5363.0,0,1,0,85.567,656.2542,89.48862965505495
2020-09-01,0.5,88.48,0.29,80.0,2.44,5031.0,0,1,0,87.357,662.1608,91.0922024319958
2020-10-01,0.5,88.58,0.11,92.3,2.47,7244.0,0,1,0,88.543,668.3613,92.22468107453416
2020-11-01,0.5,88.68,0.12,98.8,2.56,4606.0,0,1,0,90.993,674.4005,94.66967904269823
2020-12-01,0.5,88.93,0.28,90.5,2.59,9904.0,0,1,0,92.801,680.3759,96.27931000194106
2021-01-01,0.5,89.28,0.4,95.0,2.63,3072.0,0,1,0,94.213,684.7086999999999,97.36105179763251
2021-02-01,0.5,89.88,0.67,97.2,2.66,7218.0,0,1,0,95.25,691.7569,97.77560817954274
2021-03-01,0.5,90.32,0.49,100.4,2.73,3959.0,0,1,0,96.012,697.0225,98.07768198054387
2021-04-01,0.5,90.71,0.43,102.3,2.73,9299.0,0,1,0,96.548,698.6301,98.20118313490656
2021-05-01,0.5,91.14,0.48,105.5,2.69,7409.0,0,1,0,97.246,700.4204,98.44447058833545
2021-06-01,0.5,92.04,0.98,110.9,2.74,6980.0,0,1,0,98.684,703.4262,98.92333288949902
2021-07-01,0.5,92.78,0.81,103.4,2.81,6229.0,0,1,0,99.768,709.9467,99.21229671430831
2021-08-01,0.75,93.64,0.92,102.7,2.88,5401.0,0,1,0,100.873,716.3269,99.38987341700489
2021-09-01,0.75,94.48,0.9,104.1,3.01,11889.0,0,1,0,101.904,722.7421999999999,99.513030547583
2021-10-01,0.75,95.26,0.83,107.3,3.26,7473.0,0,1,0,102.401,728.2012,99.17957113434197
2021-11-01,1.0,95.83,0.6,108.2,3.51,7220.0,0,1,0,103.34,732.4555,99.49369831394259
2021-12-01,1.0,96.06,0.25,104.2,3.63,5488.0,0,1,0,103.809,735.3346,99.70593961481563
2022-01-01,1.25,96.07,0.0,104.9,3.85,3581.0,0,1,0,104.126,737.4941,100.0
2022-02-01,1.25,95.99,-0.08,103.4,3.88,5589.0,0,1,0,104.239,738.614,100.19195482665259
2022-03-01,1.25,95.92,-0.07,103.6,3.84,2809.0,0,1,0,104.216,739.6971,100.24294922602668
2022-04-01,1.5,95.91,-0.01,104.3,3.9,4067.0,0,0,1,104.284,742.1318,100.31881543833411
2022-05-01,1.75,95.9,-0.01,103.1,3.9,2456.0,0,0,1,104.555,742.3008000000001,100.5899991782235
2022-06-01,1.75,95.83,-0.08,96.6,4.04,5652.0,0,0,1,104.728,744.8379,100.8300371300811
2022-07-01,2.25,95.61,-0.22,85.7,4.16,3106.0,0,0,1,104.793,746.1724,101.12477321877556
2022-08-01,2.5,95.18,-0.45,88.5,4.35,3708.0,0,0,1,104.646,748.1826,101.4391350511838
2022-09-01,2.5,94.46,-0.75,91.3,4.79,2652.0,0,0,1,104.446,750.2256,102.0169831702254
2022-10-01,3.0,93.29,-1.24,88.6,4.82,1918.0,0,0,1,103.753,752.4611,102.6110603398411
2022-11-01,3.25,91.37,-2.06,86.2,4.74,2508.0,0,0,1,101.483,753.7397,102.47508274817221
2022-12-01,3.25,88.66,-2.96,89.7,4.63,4185.0,0,0,1,98.148,756.3243,102.13682013833566
2023-01-01,3.5,87.09,-1.78,90.4,4.58,1848.0,0,0,1,94.238,755.8444000000001,99.83581679850333
2023-02-01,3.5,86.14,-1.08,89.8,4.56,6646.0,0,0,1,91.761,754.8171,98.28378558311199
2023-03-01,3.5,85.53,-0.72,91.7,4.4,4292.0,0,0,1,90.114,751.7361,97.20808801020036
2023-04-01,3.5,85.19,-0.39,94.9,4.24,2440.0,0,0,1,88.999,749.5005,96.3884760852449
2023-05-01,3.5,85.2,0.01,97.9,4.21,974.0,0,0,1,88.335,751.4828,95.65811619616859
2023-06-01,3.5,85.35,0.17,100.7,4.26,1295.0,0,0,1,88.226,755.6247,95.37217116557032
2023-07-01,3.5,85.57,0.27,103.4,4.28,2595.0,0,0,1,88.011,759.1259,94.89515270276766
2023-08-01,3.5,85.99,0.48,103.2,4.31,3421.0,0,0,1,88.042,762.7391,94.46491890431699
2023-09-01,3.5,86.41,0.5,99.7,4.35,373.0,0,0,1,88.415,766.6799,94.40403376320378
2023-10-01,3.5,86.73,0.36,98.0,4.56,3847.0,0,0,1,88.967,770.5344,94.64293617751717
2023-11-01,3.5,86.84,0.13,97.1,4.48,6869.0,0,0,1,89.523,775.5857,95.11377481289651
2023-12-01,3.5,86.73,-0.13,99.5,4.16,4563.0,0,0,1,89.942,779.612,95.68013944134621
2024-01-01,3.5,86.58,-0.17,101.5,3.99,2475.0,0,0,1,90.346,784.7943,96.2764245143286
2024-02-01,3.5,86.46,-0.14,101.7,3.96,2503.0,0,0,1,90.598,788.6242,96.67896328683692
2024-03-01,3.5,86.45,-0.02,100.5,3.94,1567.0,0,0,1,91.071,787.9875999999999,97.19495278926819
2024-04-01,3.5,86.56,0.13,100.6,3.93,639.0,0,0,1,91.626,792.4299,97.66300549316705
2024-05-01,3.5,86.73,0.2,98.2,3.91,3339.0,0,0,1,92.006,798.3801,97.87581896600588
2024-06-01,3.5,87.21,0.56,100.7,3.71,3015.0,0,0,1,92.532,804.3430999999999,97.89359284956693
2024-07-01,3.5,88.25,1.19,103.6,3.5,2229.0,0,0,1,93.347,810.7848,97.59200857057085
2024-08-01,3.5,89.38,1.27,100.6,3.51,5903.0,0,0,1,94.132,820.1263,97.16850955144551
2024-09-01,3.5,90.09,0.79,99.8,3.74,1830.0,0,0,1,94.797,827.3234,97.08376539811529
2024-10-01,3.25,90.48,0.43,101.6,4.05,2952.0,0,0,1,95.179,831.8050999999999,97.05482951578777
2024-11-01,3.0,90.71,0.26,100.6,4.3,6559.0,0,0,1,95.593,836.9705,97.22983075169992
2024-12-01,3.0,90.79,0.09,87.9,4.25,18441.0,0,0,1,95.858,841.7998,97.41345633517282
2025-01-01,3.0,90.8,0.01,91.0,4.27,2783.0,0,0,1,,,
2025-02-01,2.75,91.02,0.24,95.0,4.23,4844.0,0,0,1,,,
2025-03-01,2.75,91.75,0.8,93.2,4.17,7339.0,0,0,1,,,
2025-04-01,2.75,92.05,0.33,93.6,3.98,1821.0,0,0,1,,,
2025-05-01,2.5,92.56,0.54,101.7,3.87,2542.0,0,0,1,,,
2025-06-01,2.5,93.89,1.44,108.6,3.93,3569.0,0,0,1,,,
2025-07-01,2.5,94.91,1.09,110.7,3.96,4089.0,0,0,1,,,
2025-08-01,2.5,95.37,0.48,111.2,3.96,1627.0,0,0,1,,,
2025-09-01,2.5,95.93,0.58,110.0,3.96,3982.0,0,0,1,,,
2025-10-01,2.5,97.3,1.43,109.6,3.98,2877.0,0,0,1,,,
